,Tour,City,State,Country,Cast,Lat,Long
0,Spring 2007,Farmington,New Mexico,USA,A07,36.72805830000001,-108.2186856
1,Spring 2007,Tucson,Arizona,USA,A07,32.2226066,-110.9747108
2,Spring 2007,Dallas,Texas,USA,A07,32.7766642,-96.79698789999999
3,Spring 2007,Baton Rouge,Louisiana,USA,A07,30.4514677,-91.18714659999999
4,Spring 2007,New Orleans,Louisiana,USA,A07,29.95106579999999,-90.0715323
5,Spring 2007,Nashville,Tennessee,USA,A07,36.1626638,-86.7816016
6,Spring 2007,Chattahoochee Valley,Georgia / Alabama,USA,A07,32.4244948,-85.0322391
7,Spring 2007,Venice,Florida,USA,A07,27.0997775,-82.4542632
8,Spring 2007,Antwerpen,-,Belgium,A07,51.2194475,4.4024643
9,Spring 2007,Utrecht,-,Netherlands,A07,52.09073739999999,5.1214201
10,Spring 2007,Leipzig,-,Germany,A07,51.3396955,12.3730747
11,Spring 2007,Bremen,-,Germany,A07,53.07929619999999,8.8016936
12,Spring 2007,Gothenburg,-,Sweden,A07,57.70887,11.97456
13,Spring 2007,Rosilkde,-,Denmark,A07,55.64191,12.087845
14,Spring 2007,Chang Mai,-,Thailand,A07,18.7883439,98.98530079999999
15,Spring 2007,Bangkok,-,Thailand,A07,13.7563309,100.5017651
16,Fall 2007,Tucson,Arizona,USA,B07,32.2226066,-110.9747108
17,Fall 2007,Thailand,-,Thailand,B07,15.870032,100.992541
18,Fall 2007,Espoo,-,Finland,B07,60.2054911,24.6559
19,Fall 2007,Sodertalje,-,Sweden,B07,59.19536300000001,17.625689
20,Fall 2007,Vimmerby,-,Sweden,B07,57.6690339,15.858857
21,Fall 2007,Uelzen,-,Germany,B07,52.9658199,10.5580304
22,Fall 2007,Erfurt,-,Germany,B07,50.98476789999999,11.02988
23,Fall 2007,Hasselt,-,Belgium,B07,50.93069,5.332479999999999
24,Fall 2007,Gwinnett County,Georgia,USA,B07,33.9190653,-84.01674229999999
25,Fall 2007,Winston-Salem,North Carolina,USA,B07,36.09985959999999,-80.244216
26,Fall 2007,Easton,Maryland,USA,B07,38.7742826,-76.0763305
27,Fall 2007,Woonsocket,Rhode Island,USA,B07,42.00287609999999,-71.51478390000001
28,Fall 2007,Hartford,Connecticut,USA,B07,41.7658043,-72.6733723
29,Fall 2007,Suffern,New York,USA,B07,41.1148179,-74.1495889
30,Fall 2007,Somerset Hills,New Jersey,USA,B07,40.7046472,-74.6166192
31,Fall 2007,Bangor,Maine,USA,B07,44.8016128,-68.7712257
32,Fall 2007,Tucson,Arizona,USA,B07,32.2226066,-110.9747108
33,Fall 2007,Globe,Arizona,USA,B07,33.3942223,-110.7864984
34,Fall 2007,Sierra Vista,Arizona,USA,B07,31.5455001,-110.2772856
35,Fall 2007,San Diego,California,USA,B07,32.715738,-117.1610838
36,Fall 2007,Corcocan,California,USA,B07,36.098007,-119.5604015
37,Fall 2007,Redding,California,USA,B07,40.5865396,-122.3916754
38,Fall 2007,Eureka,California,USA,B07,40.8020712,-124.1636729
39,Fall 2007,Coos Bay / North Bend,Oregon,USA,B07,43.4065012,-124.2242803
40,Fall 2007,Portland,Oregon,USA,B07,45.5051064,-122.6750261
41,Fall 2007,Las Vegas,Nevada,USA,B07,36.1699412,-115.1398296
42,Fall 2007,Gallup,New Mexico,USA,B07,35.5280783,-108.7425843
43,Fall 2007,Milano,-,Italy,B07,45.4642035,9.189982
44,Fall 2007,Luzern,-,Switzerland,B07,47.05016819999999,8.3093072
45,Fall 2007,Zell,-,Germany,B07,50.0324264,7.196498099999999
46,Fall 2007,Prenzlau,-,Germany,B07,53.3173433,13.8633409
47,Fall 2007,Dronten,-,Netherlands,B07,52.5346819,5.7218086
48,Fall 2007,Leuven,-,Belgium,B07,50.8798438,4.7005176
49,Fall 2007,Manila,-,Philippines,B07,14.5995124,120.9842195
50,Spring 2008,Denver,Colorado,USA,A08,39.7392358,-104.990251
51,Spring 2008,Lincoln,Nebraska,USA,A08,40.813616,-96.7025955
52,Spring 2008,Maquoketa,Iowa,USA,A08,42.0689088,-90.6656914
53,Spring 2008,Des Moines,Iowa,USA,A08,41.5868353,-93.6249593
54,Spring 2008,Muscantine,Iowa,USA,A08,41.424473,-91.0432051
55,Spring 2008,Burlington,Wisconsin,USA,A08,42.6780726,-88.27620259999999
56,Spring 2008,Chicago,Illinois,USA,A08,41.8781136,-87.6297982
57,Spring 2008,St. Joseph,Missouri,USA,A08,39.7674578,-94.84668099999999
58,Spring 2008,Enid,Oklahoma,USA,A08,36.3955891,-97.8783911
59,Spring 2008,Brenham,Texas,USA,A08,30.1668828,-96.39774419999999
60,Spring 2008,Monterrey,-,Mexico,A08,25.6866142,-100.3161126
61,Spring 2008,Mexico City,-,Mexico,A08,19.4326077,-99.133208
62,Spring 2008,Puebla,-,Mexico,A08,19.0414398,-98.2062727
63,Spring 2008,San Luis Potosi,-,Mexico,A08,22.1564699,-100.9855409
64,Spring 2008,New Braunfels,Texas,USA,A08,29.7030024,-98.1244531
65,Spring 2008,The Woodlands,Texas,USA,A08,30.1658207,-95.46126249999999
66,Spring 2008,Plano,Texas,USA,A08,33.0198431,-96.6988856
67,Spring 2008,Chiang Rai,-,Thailand,A08,19.9104798,99.840576
68,Spring 2008,Khon Kaen,-,Thailand,A08,16.4321938,102.8236214
69,Fall 2008,Denver,Colorado,USA,B08,39.7392358,-104.990251
70,Fall 2008,Breckenridge,Colorado,USA,B08,39.4816537,-106.0383518
71,Fall 2008,LaPaz,-,Mexico,B08,24.1426408,-110.3127531
72,Fall 2008,Cabo,-,Mexico,B08,22.8905327,-109.9167371
73,Fall 2008,Tepic,-,Mexico,B08,21.5041651,-104.8945887
74,Fall 2008,Culiacan,-,Mexico,B08,24.8090649,-107.3940117
75,Fall 2008,Hermosillo,-,Mexico,B08,29.0729673,-110.9559192
76,Fall 2008,Sahuarita / Green Valley,Arizona,USA,B08,31.9575818,-110.955646
77,Fall 2008,Albuquerque,New Mexico,USA,B08,35.0843859,-106.650422
78,Fall 2008,Colorado Springs,Colorado,USA,B08,38.8338816,-104.8213634
79,Fall 2008,Salt Lake City,Utah,USA,B08,40.7607793,-111.8910474
80,Fall 2008,Cheyenne,Wyoming,USA,B08,41.1399814,-104.8202462
81,Fall 2008,Aberdeen,South Dakota,USA,B08,45.4646985,-98.4864829
82,Fall 2008,Sioux Falls,South Dakota,USA,B08,43.5460223,-96.731265
83,Fall 2008,North Platte,Nebraska,USA,B08,41.1402759,-100.7601454
84,Fall 2008,Manila,-,Philippines,B08,14.5995124,120.9842195
85,Fall 2008,Subic Bay,-,Philippines,B08,14.7910576,120.2397336
86,Spring 2009,Denver,Colorado,USA,A09,39.7392358,-104.990251
87,Spring 2009,Greeley,Colorado,USA,A09,40.4233142,-104.7091322
88,Spring 2009,North Miami,Florida,USA,A09,25.8900949,-80.1867138
89,Spring 2009,St. Augustine,Florida,USA,A09,29.9012437,-81.31243409999999
90,Spring 2009,Orlando,Florida,USA,A09,28.5383355,-81.3792365
91,Spring 2009,Dade City / Zephyrills,Florida,USA,A09,28.3647248,-82.1959178
92,Spring 2009,Pensacola,Florida,USA,A09,30.42130899999999,-87.2169149
93,Spring 2009,Bay St. Louis / Waveland,Mississippi,USA,A09,30.2868632,-89.37615869999999
94,Spring 2009,DeRidder,Louisiana,USA,A09,30.8463055,-93.2890527
95,Spring 2009,Tyler,Texas,USA,A09,32.3512601,-95.30106239999999
96,Spring 2009,Taipei,-,Taiwan,A09,25.0329694,121.5654177
97,Spring 2009,Taichung,-,Taiwan,A09,24.1477358,120.6736482
98,Spring 2009,Forest Home Camp – Vista,California,USA,A09,34.088661,-116.931352
99,Spring 2009,San Diego,California,USA,A09,32.715738,-117.1610838
100,Spring 2009,Tucson,Arizona,USA,A09,32.2226066,-110.9747108
101,Spring 2009,Kayenta,Arizona,USA,A09,36.72777689999999,-110.2545767
102,Spring 2009,Hopi Reservation – 2nd Mesa,Arizona,USA,A09,35.79333870000001,-110.505134
103,Spring 2009,Gallup,New Mexico,USA,A09,35.5280783,-108.7425843
104,Spring 2009,Tucson,Arizona,USA,A09,32.2226066,-110.9747108
105,Spring 2009,McAllen,Texas,USA,A09,26.2034071,-98.23001239999999
106,Fall 2009,Denver,Colorado,USA,B09,39.7392358,-104.990251
107,Fall 2009,Aspen / Snowmass,Colorado,USA,B09,39.2083984,-106.9490961
108,Fall 2009,Montrose,Colorado,USA,B09,38.4783198,-107.8761738
109,Fall 2009,Durango,Colorado,USA,B09,37.27528,-107.8800667
110,Fall 2009,Lake Havasu City,Arizona,USA,B09,34.483901,-114.3224548
111,Fall 2009,Chino Valley,Arizona,USA,B09,34.7575227,-112.4537809
112,Fall 2009,Guadalajara,-,Mexico,B09,20.6596988,-103.3496092
113,Fall 2009,Leon,-,Mexico,B09,21.1250077,-101.6859605
114,Fall 2009,Veracruz,-,Mexico,B09,19.173773,-96.1342241
115,Fall 2009,Puebla,-,Mexico,B09,19.0414398,-98.2062727
116,Fall 2009,Mexico City,-,Mexico,B09,19.4326077,-99.133208
117,Fall 2009,Lulea,-,Sweden,B09,65.584819,22.1567026
118,Fall 2009,Sundsvall,-,Sweden,B09,62.390811,17.306927
119,Fall 2009,Stockholm,-,Sweden,B09,59.32932349999999,18.0685808
120,Fall 2009,Vanersborg,-,Sweden,B09,58.3797283,12.3248032
121,Fall 2009,Denmark,-,Germany,B09,52.50864490000001,13.3499195
122,Fall 2009,Warsaw,-,Poland,B09,52.2296756,21.0122287
123,Fall 2009,Zabrze,-,Poland,B09,50.3249278,18.7857186
124,Fall 2009,Odense,-,Denmark,B09,55.40375599999999,10.40237
125,Fall 2009,Varberg,-,Sweden,B09,57.107118,12.2520907
126,Fall 2009,Uppsala,-,Sweden,B09,59.85856380000001,17.6389267
127,Fall 2009,Tampere,-,Finland,B09,61.4977524,23.7609535
128,Spring 2010,Denver,Colorado,USA,A10,39.7392358,-104.990251
129,Spring 2010,Fort Collins,Colorado,USA,A10,40.5852602,-105.084423
130,Spring 2010,Colorado Springs,Colorado,USA,A10,38.8338816,-104.8213634
131,Spring 2010,Vermillion,South Dakota,USA,A10,42.7794417,-96.9292104
132,Spring 2010,North Platte,Nebraska,USA,A10,41.1402759,-100.7601454
133,Spring 2010,Minneapolis,Minnesota,USA,A10,44.977753,-93.2650108
134,Spring 2010,Montevideo,Minnesota,USA,A10,44.9410447,-95.7236136
135,Spring 2010,Naperville,Illinois,USA,A10,41.7508391,-88.1535352
136,Spring 2010,Vista,California,USA,A10,33.2000368,-117.2425355
137,Spring 2010,Yuma,Arizona,USA,A10,32.6926512,-114.6276916
138,Spring 2010,Manila,-,Philippines,A10,14.5995124,120.9842195
139,Spring 2010,Mexicali,-,Mexico,A10,32.6245389,-115.4522623
140,Spring 2010,Tlaxcala,-,Mexico,A10,19.318154,-98.2374954
141,Spring 2010,Toluca,-,Mexico,A10,19.2826098,-99.6556653
142,Spring 2010,Mexico City,-,Mexico,A10,19.4326077,-99.133208
143,Fall 2010,Denver,Colorado,USA,B10,39.7392358,-104.990251
144,Fall 2010,Tucson,Arizona,USA,B10,32.2226066,-110.9747108
145,Fall 2010,Marana,Arizona,USA,B10,32.436381,-111.2224422
146,Fall 2010,Hopi Reservation,Arizona,USA,B10,35.7833388,-110.5034673
147,Fall 2010,Bullhead City,Arizona,USA,B10,35.1359386,-114.5285981
148,Fall 2010,Miao Li,-,Taiwan,B10,24.5711502,120.8154358
149,Fall 2010,Pitou,-,Taiwan,B10,23.8776623,120.4703258
150,Fall 2010,Taipei,-,Taiwan,B10,25.0329694,121.5654177
151,Fall 2010,Boston,Massachusetts,USA,B10,42.3600825,-71.0588801
152,Fall 2010,Salisbury,Maryland,USA,B10,38.3606736,-75.5993692
153,Fall 2010,Washington,District of Columbia,USA,B10,38.9071923,-77.0368707
154,Fall 2010,Harrisonburg,Virginia,USA,B10,38.4495688,-78.8689155
155,Fall 2010,Mexico City,-,Mexico,B10,19.4326077,-99.133208
156,Fall 2010,Aguascalientes,-,Mexico,B10,21.8852562,-102.2915677
157,Fall 2010,San Luis Potosí,-,Mexico,B10,22.1564699,-100.9855409
158,Fall 2010,Melchor Ocampo,-,Mexico,B10,19.7031072,-99.14349639999999
159,Spring 2011,Denver,Colorado,USA,A11,39.7392358,-104.990251
160,Spring 2011,Orlando,Florida,USA,A11,28.5383355,-81.3792365
161,Spring 2011,Vero Beach,Florida,USA,A11,27.6386434,-80.39727359999999
162,Spring 2011,Freeport,-,Grand Bahama Island,A11,26.5333159,-78.6429019
163,Spring 2011,Fort Lauderdale,Florida,USA,A11,26.1224386,-80.13731740000001
164,Spring 2011,Lakeland,Florida,USA,A11,28.0394654,-81.9498042
165,Spring 2011,Brussels,-,Belgium,A11,50.8503396,4.3517103
166,Spring 2011,Wassenaar,-,Netherlands,A11,52.1429096,4.4012129
167,Spring 2011,Dronten,-,Netherlands,A11,52.5346819,5.7218086
168,Spring 2011,Prague,-,Czech Republic,A11,50.0755381,14.4378005
169,Spring 2011,Weinfelden,-,Switzerland,A11,47.5660299,9.1084456
170,Spring 2011,México City,-,México,A11,19.4326077,-99.133208
171,Spring 2011,Gómez Palacio,-,México,A11,25.5891476,-103.485862
172,Spring 2011,Ciudad Cuauhtémoc,-,México,A11,28.406359,-106.8654066
173,Spring 2011,Monterrey,-,México,A11,25.6866142,-100.3161126
174,Spring 2011,León,-,México,A11,21.1250077,-101.6859605
175,Spring 2011,Toluca,-,México,A11,19.2826098,-99.6556653
176,Fall 2011,Denver,Colorado,USA,B11,39.7392358,-104.990251
177,Fall 2011,Canon City,Colorado,USA,B11,38.4494063,-105.2253316
178,Fall 2011,Durango,Colorado,USA,B11,37.27528,-107.8800667
179,Fall 2011,Colorado Springs,Colorado,USA,B11,38.8338816,-104.8213634
180,Fall 2011,North Platte,Nebraska,USA,B11,41.1402759,-100.7601454
181,Fall 2011,Sioux Falls / Vermillion,South Dakota,USA,B11,42.7883015,-96.92533809999999
182,Fall 2011,Woodbury,Minnesota,USA,B11,44.9238552,-92.9593797
183,Fall 2011,Cleveland,Ohio,USA,B11,41.49932,-81.6943605
184,Fall 2011,Chetumal,-,Mexico,B11,18.5001889,-88.296146
185,Fall 2011,Zapopan / Guadalajara,-,Mexico,B11,20.6596988,-103.3496092
186,Fall 2011,Toluca,-,Mexico,B11,19.2826098,-99.6556653
187,Fall 2011,Los Mochis,-,Mexico,B11,25.7904657,-108.985882
188,Fall 2011,Culiacan / Mazatlan,-,Mexico,B11,23.254504,-106.4181799
189,Fall 2011,Empalme / Guaymas,-,Mexico,B11,27.9664523,-110.8135688
190,Fall 2011,Tucson,Arizona,USA,B11,32.2226066,-110.9747108
191,Fall 2011,Puerto Princesa,-,Philippines,B11,9.7638429,118.7473298
192,Fall 2011,Tacloban,-,Philippines,B11,11.2543388,124.9616867
193,Fall 2011,Narikina/Metro Manila,-,Philippines,B11,14.65073,121.1028546
194,Spring 2012,Denver,Colorado,USA,A12,39.7392358,-104.990251
195,Spring 2012,Fort Collins,Colorado,USA,A12,40.5852602,-105.084423
196,Spring 2012,Farmington,New Mexico,USA,A12,36.72805830000001,-108.2186856
197,Spring 2012,Silver City,New Mexico,USA,A12,32.770075,-108.280326
198,Spring 2012,Ruidoso,New Mexico,USA,A12,33.3672525,-105.6588485
199,Spring 2012,Tucson,Arizona,USA,A12,32.2226066,-110.9747108
200,Spring 2012,Hasselt,-,Belgium,A12,50.93069,5.332479999999999
201,Spring 2012,Vise,-,Belgium,A12,50.7371584,5.699039
202,Spring 2012,Gistel,-,Belgium,A12,51.1562658,2.9676422
203,Spring 2012,Naestved,-,Denmark,A12,55.224613,11.759207
204,Spring 2012,Oslo,-,Norway,A12,59.9138688,10.7522454
205,Spring 2012,Stockholm,-,Sweden,A12,59.32932349999999,18.0685808
206,Spring 2012,Eskilstuna,-,Sweden,A12,59.37124859999999,16.5098046
207,Spring 2012,Seinajoki,-,Finland,A12,62.787735,22.8504338
208,Spring 2012,Kouvola,-,Finland,A12,60.8678835,26.7041602
209,Spring 2012,Naucalpan,-,Mexico,A12,19.4630841,-99.245302
210,Spring 2012,Aguascalientes,-,Mexico,A12,21.8852562,-102.2915677
211,Spring 2012,Guadalajara,-,Mexico,A12,20.6596988,-103.3496092
212,Spring 2012,Tlaxcala,-,Mexico,A12,19.318154,-98.2374954
213,Spring 2012,Naucalpan,-,Mexico,A12,19.4630841,-99.245302
214,Fall 2012,Denver,Colorado,USA,B12,39.7392358,-104.990251
215,Fall 2012,Merrimack Valley/Lowell,Massachusetts,USA,B12,42.6334247,-71.31617179999999
216,Fall 2012,Hyannis/Cape Cod,Massachusetts,USA,B12,41.6524911,-70.2881124
217,Fall 2012,Newburyport,Massachusetts,USA,B12,42.8125913,-70.87727509999999
218,Fall 2012,Hamilton-Wenham,Massachusetts,USA,B12,42.6139807,-70.8714528
219,Fall 2012,Concord,Massachusetts,USA,B12,42.4603719,-71.3489484
220,Fall 2012,Plymouth,Massachusetts,USA,B12,41.9584457,-70.6672621
221,Fall 2012,Erlin / Yuanlin / Taichung,-,Taiwan,B12,23.959574,120.5854674
222,Fall 2012,Taipei,-,Taiwan,B12,25.0329694,121.5654177
223,Fall 2012,Puerto Princesa,-,Philippines,B12,9.7638429,118.7473298
224,Fall 2012,Manila,-,Philippines,B12,14.5995124,120.9842195
225,Fall 2012,Mexico City,-,Mexico,B12,19.4326077,-99.133208
226,Fall 2012,Naucalpan / Toluca,-,Mexico,B12,19.3141879,-99.6295147
227,Fall 2012,Cuidad Obregon,-,Mexico,B12,27.4827729,-109.930367
228,Fall 2012,Hermosillo,-,Mexico,B12,29.0729673,-110.9559192
229,Fall 2012,Delicias,-,Mexico,B12,28.1871201,-105.4595306
230,Fall 2012,Cuidad Cuauhtemoc,-,Mexico,B12,28.406359,-106.8654066
231,Spring 2013,Lakeland,Florida,USA,A13,28.0394654,-81.9498042
232,Spring 2013,Fort Myers,Florida,USA,A13,26.640628,-81.8723084
233,Spring 2013,Orlando,Florida,USA,A13,28.5383355,-81.3792365
234,Spring 2013,Vero Beach,Florida,USA,A13,27.6386434,-80.39727359999999
235,Spring 2013,Statesboro,Georgia,USA,A13,32.4487876,-81.7831674
236,Spring 2013,North Atlanta,Georgia,USA,A13,33.8650186,-84.33712659999999
237,Spring 2013,Versoix,Geneva,Switzerland,A13,46.2876938,6.1657813
238,Spring 2013,Weinfelden / Frauenfeld,-,Switzerland,A13,47.5660299,9.1084456
239,Spring 2013,Neuchatel / La Chaux-de-Fonds,-,Switzerland,A13,47.1034892,6.832783800000001
240,Spring 2013,Vaduz,-,Lichtenstein,A13,47.1410303,9.5209277
241,Spring 2013,Apeldoorn / Eerbeek,-,Netherlands,A13,52.10312589999999,6.060006899999999
242,Spring 2013,Mol / Oud-Turnhout,-,Belgium,A13,51.3177601,4.982845000000001
243,Spring 2013,Sint-Pieters-Leeuw,-,Belgium,A13,50.77979999999999,4.243679999999999
244,Spring 2013,Tielt,-,Belgium,A13,51.0001519,3.3263821
245,Spring 2013,Naucalpan,-,Mexico,A13,19.4630841,-99.245302
246,Spring 2013,Toluca,-,Mexico,A13,19.2826098,-99.6556653
247,Spring 2013,Santiago de Queretaro,-,Mexico,A13,20.5887932,-100.3898881
248,Spring 2013,San Luis Potosi,-,Mexico,A13,22.1564699,-100.9855409
249,Fall 2013,Denver,Colorado,USA,B13,39.7392358,-104.990251
250,Fall 2013,Sheridan,Wyoming,USA,B13,44.7971939,-106.9561791
251,Fall 2013,Jackson,Wyoming,USA,B13,43.4799291,-110.7624282
252,Fall 2013,Bozeman,Montana,USA,B13,45.6769979,-111.0429339
253,Fall 2013,Billings,Montana,USA,B13,45.7832856,-108.5006904
254,Fall 2013,Northern Cheyenne Indian Reservation,Montana,USA,B13,45.5333247,-106.6339227
255,Fall 2013,Auburn,Washington,USA,B13,47.30732279999999,-122.2284532
256,Fall 2013,Seattle,Washington,USA,B13,47.6062095,-122.3320708
257,Fall 2013,Guaymas,-,Mexico,B13,27.9178651,-110.9089378
258,Fall 2013,Los Mochis,-,Mexico,B13,25.7904657,-108.985882
259,Fall 2013,Mazatlan,-,Mexico,B13,23.2494148,-106.4111425
260,Fall 2013,Culiacan,-,Mexico,B13,24.8090649,-107.3940117
261,Fall 2013,Ciudad Obregon,-,Mexico,B13,27.4827729,-109.930367
262,Fall 2013,Magdalena de Kino,-,Mexico,B13,30.6248514,-110.9714055
263,Fall 2013,Roskilde,-,Denmark,B13,55.64191,12.087845
264,Fall 2013,Alingsas,-,Sweden,B13,57.9300205,12.5362113
265,Fall 2013,Gothenburg,-,Sweden,B13,57.70887,11.97456
266,Fall 2013,Vejle,-,Denmark,B13,55.7113112,9.536354
267,Spring 2014,Denver,Colorado,USA,A14,39.7392358,-104.990251
268,Spring 2014,Vail Valley,Colorado,USA,A14,39.6391565,-106.3626815
269,Spring 2014,North Platte,Nebraska,USA,A14,41.1402759,-100.7601454
270,Spring 2014,Des Moines,Iowa,USA,A14,41.5868353,-93.6249593
271,Spring 2014,Sioux Falls,South Dakota,USA,A14,43.5460223,-96.731265
272,Spring 2014,Chagrin Falls,Ohio,USA,A14,41.4298516,-81.3910999
273,Spring 2014,Cuernavaca,-,Mexico,A14,18.9242095,-99.22156590000002
274,Spring 2014,Manzanillo,-,Mexico,A14,19.1138094,-104.3384616
275,Spring 2014,Colima City,-,Mexico,A14,19.2452342,-103.7240868
276,Spring 2014,Naucalpan,-,Mexico,A14,19.4630841,-99.245302
277,Spring 2014,Mexico City,-,Mexico,A14,19.4326077,-99.133208
278,Spring 2014,Ransbach-Baumbach,-,Germany,A14,50.4645182,7.728139
279,Spring 2014,Schijndel,-,Netherlands,A14,51.6196625,5.433497399999999
280,Spring 2014,Antwerpen,-,Belgium,A14,51.2194475,4.4024643
281,Spring 2014,Bad Neuenahr-Ahrweiler,-,Germany,A14,50.541815,7.1197177
282,Spring 2014,Bern,-,Switzerland,A14,46.9479739,7.4474468
283,Spring 2014,Herisau / St. Gallen,-,Switzerland,A14,47.3857009,9.2798472
284,Spring 2014,Trieste,-,Italy,A14,45.6495264,13.7768182
285,Fall 2014,Denver,Colorado,USA,B14,39.7392358,-104.990251
286,Fall 2014,Lowell,Massachusetts,USA,B14,42.6334247,-71.31617179999999
287,Fall 2014,Cumberland,Rhode Island,USA,B14,41.9721816,-71.4061876
288,Fall 2014,Laconia,New Hampshire,USA,B14,43.5278546,-71.4703509
289,Fall 2014,Plymouth,Massachusetts,USA,B14,41.9584457,-70.6672621
290,Fall 2014,Harrisonburg,Virginia,USA,B14,38.4495688,-78.8689155
291,Fall 2014,Mexico City,-,Mexico,B14,19.4326077,-99.133208
292,Fall 2014,Toluca,-,Mexico,B14,19.2826098,-99.6556653
293,Fall 2014,Guadalajara,-,Mexico,B14,20.6596988,-103.3496092
294,Fall 2014,Santa Clara,-,Cuba,B14,22.424398,-79.9416549
295,Fall 2014,Havana,-,Cuba,B14,23.1135925,-82.3665956
296,Fall 2014,Naestved,-,Denmark,B14,55.224613,11.759207
297,Fall 2014,Eupen,-,Belgium,B14,50.6292029,6.0337111
298,Fall 2014,Maastricht,-,Netherlands,B14,50.8513682,5.6909725
299,Fall 2014,Aachen,-,Germany,B14,50.7753455,6.083886800000001
300,Fall 2014,Oberursel,-,Germany,B14,50.2025478,8.5770309
301,Fall 2014,Solothurn,-,Switzerland,B14,47.2088348,7.532291
302,Spring 2015,Denver,Colorado,USA,A15,39.7392358,-104.990251
303,Spring 2015,Farmington,New Mexico,USA,A15,36.72805830000001,-108.2186856
304,Spring 2015,Albuquerque,New Mexico,USA,A15,35.0843859,-106.650422
305,Spring 2015,Tucson,Arizona,USA,A15,32.2226066,-110.9747108
306,Spring 2015,Orange County,California,USA,A15,33.7174708,-117.8311428
307,Spring 2015,Coachella Valley,-,California USA,A15,33.7666873,-116.3591772
308,Spring 2015,Guadalajara,-,Mexico,A15,20.6596988,-103.3496092
309,Spring 2015,Mexico City,-,Mexico,A15,19.4326077,-99.133208
310,Spring 2015,Villahermosa,-,Mexico,A15,17.989456,-92.9475061
311,Spring 2015,Merida,-,Mexico,A15,20.9673702,-89.5925857
312,Spring 2015,Cancun,-,Mexico,A15,21.161908,-86.8515279
313,Spring 2015,Suhr,-,Switzerland,A15,47.370902,8.0795037
314,Spring 2015,Brig,-,Switzerland,A15,46.3158992,7.987820800000001
315,Spring 2015,Wolfrathausen,-,Germany,A15,47.9102296,11.4274164
316,Spring 2015,Rheinfelden,-,Germany,A15,47.5896468,7.768778999999999
317,Spring 2015,Apeldoorn,-,Netherlands,A15,52.21115700000001,5.9699231
318,Fall 2015,Denver,Colorado,USA,B15,39.7392358,-104.990251
319,Fall 2015,Orlando,Florida,USA,B15,28.5383355,-81.3792365
320,Fall 2015,North Fulton County,Georgia,USA,B15,33.8033965,-84.3962535
321,Fall 2015,Hall County,Georgia,USA,B15,34.30778,-83.804868
322,Fall 2015,Statesboro,Georgia,USA,B15,32.4487876,-81.7831674
323,Fall 2015,Melbourne,Florida,USA,B15,28.0836269,-80.60810889999999
324,Fall 2015,Venice,Florida,USA,B15,27.0997775,-82.4542632
325,Fall 2015,Aguascalientes,-,Mexico,B15,21.8852562,-102.2915677
326,Fall 2015,Monterrey,-,Mexico,B15,25.6866142,-100.3161126
327,Fall 2015,Zacatlan,-,Mexico,B15,19.9350819,-97.9611534
328,Fall 2015,Toluca,-,Mexico,B15,19.2826098,-99.6556653
329,Fall 2015,Puebla,-,Mexico,B15,19.0414398,-98.2062727
330,Fall 2015,Oostende,-,Belgium,B15,51.21543,2.928656
331,Fall 2015,Antwerp,-,Belgium,B15,51.2194475,4.4024643
332,Fall 2015,Neuchatel,-,Switzerland,B15,46.9899874,6.9292732
333,Fall 2015,Weinfelden-Frauenfeld,-,Switzerland,B15,47.5660299,9.1084456
334,Fall 2015,Vaduz,-,Liechtenstein,B15,47.1410303,9.5209277
335,Fall 2015,Rome,-,Italy,B15,41.9027835,12.4963655
336,Spring 2016,Denver,Colorado,USA,A16,39.7392358,-104.990251
337,Spring 2016,Des Moines,Iowa,USA,A16,41.5868353,-93.6249593
338,Spring 2016,Pepper Pike,Ohio,USA,A16,41.47838650000001,-81.4637295
339,Spring 2016,Watertown,South Dakota,USA,A16,44.8994088,-97.1150732
340,Spring 2016,Sioux Falls,South Dakota,USA,A16,43.5460223,-96.731265
341,Spring 2016,Topeka,Kansas,USA,A16,39.0473451,-95.67515759999999
342,Spring 2016,Houston,Texas,USA,A16,29.7604267,-95.3698028
343,Spring 2016,San Luis Potosi,-,Mexico,A16,22.1564699,-100.9855409
344,Spring 2016,Naucalpan,-,Mexico,A16,19.4630841,-99.245302
345,Spring 2016,Mexico City,-,Mexico,A16,19.4326077,-99.133208
346,Spring 2016,Bermuda,-,Bermuda,A16,32.3078,-64.7505
347,Spring 2016,Falkoping,-,Sweden,A16,58.17502899999999,13.553217
348,Spring 2016,Copenhagen,-,Denmark,A16,55.6760968,12.5683372
349,Spring 2016,Helsingborg,-,Sweden,A16,56.0464674,12.6945121
350,Spring 2016,Genk Belgium,-,Genk Belgium,A16,50.96613,5.5021
351,Spring 2016,Leuven,-,Belgium,A16,50.8798438,4.7005176
352,Fall 2016,Denver,Colorado,USA,B16,39.7392358,-104.990251
353,Fall 2016,Grand Junction,Colorado,USA,B16,39.0638705,-108.5506486
354,Fall 2016,Pueblo,Colorado,USA,B16,38.2544472,-104.6091409
355,Fall 2016,Billings,Montana,USA,B16,45.7832856,-108.5006904
356,Fall 2016,Aurora,Colorado ,USA,B16,39.7294319,-104.8319195
357,Fall 2016,Salt Lake City,Utah,USA,B16,40.7607793,-111.8910474
358,Fall 2016,Sacramento,California,USA,B16,38.5815719,-121.4943996
359,Fall 2016,Naucalpan,-,Mexico,B16,19.4630841,-99.245302
360,Fall 2016,Xochitla,-,Mexico,B16,19.713692,-99.2004185
361,Fall 2016,Toluca,-,Mexico,B16,19.2826098,-99.6556653
362,Fall 2016,Eskilstuna,-,Sweden,B16,59.37124859999999,16.5098046
363,Fall 2016,Sigtuna,-,Sweden,B16,59.6191463,17.7234191
364,Fall 2016,Kouvola,-,Finland,B16,60.8678835,26.7041602
365,Fall 2016,Espoo,-,Finland,B16,60.2054911,24.6559
366,Fall 2016,Jyväskylä,-,Finland,B16,62.2426034,25.7472567
367,Fall 2016,Tallinn,-,Estonia,B16,59.43696079999999,24.7535747
368,Spring 2017,Denver,Colorado,USA,A17,39.7392358,-104.990251
369,Spring 2017,Aurora,Colorado,USA,A17,39.7294319,-104.8319195
370,Spring 2017,Albuquerque,New Mexico,USA,A17,35.0843859,-106.650422
371,Spring 2017,Tucson,Arizona,USA,A17,32.2226066,-110.9747108
372,Spring 2017,Orange County,California,USA,A17,33.7174708,-117.8311428
373,Spring 2017,Coachella Valley,California,USA,A17,33.7666873,-116.3591772
374,Spring 2017,Farmington,New Mexico,USA,A17,36.72805830000001,-108.2186856
375,Spring 2017,Permian Basin,Texas,USA,A17,31.8876067,-102.3230046
376,Spring 2017,Houston,Texas,USA,A17,29.7604267,-95.3698028
377,Spring 2017,Leiden,-,Netherlands,A17,52.1601144,4.4970097
378,Spring 2017,Son en Breugel,-,Netherlands,A17,51.511394,5.498219199999999
379,Spring 2017,Limburg (Genk),-,Belgium,A17,50.96613,5.5021
380,Spring 2017,Geneva,-,Switzerland,A17,46.2043907,6.1431577
381,Spring 2017,Basel,-,Switzerland,A17,47.5595986,7.5885761
382,Spring 2017,Bulach,-,Switzerland,A17,47.5160671,8.5419603
383,Spring 2017,Bocholt,-,Germany,A17,51.8384277,6.6150917
384,Fall 2017,Denver,Colorado,USA,B17,39.7392358,-104.990251
385,Fall 2017,Zionsville,Indiana,USA,B17,39.9508733,-86.261937
386,Fall 2017,Chagrin Valley,Ohio,USA,B17,41.4298516,-81.3910999
387,Fall 2017,Northern Rhode Island,-,USA,B17,41.8535518,-71.46766389999999
388,Fall 2017,Portsmouth,New Hampsire,USA,B17,43.0717552,-70.7625532
389,Fall 2017,Harrisonburg,Virginia,USA,B17,38.4495688,-78.8689155
390,Fall 2017,Washington,D.C.,USA,B17,38.9071923,-77.0368707
391,Fall 2017,Naucalpan/Mexico City,-,Mexico,B17,19.4630841,-99.245302
392,Fall 2017,Querétaro,-,Mexico,B17,20.5888184,-100.3898876
393,Fall 2017,Monterrey,-,Mexico,B17,25.6866142,-100.3161126
394,Fall 2017,Stuttgart,-,Germany,B17,48.7758459,9.1829321
395,Fall 2017,Wartenberg,-,Germany,B17,48.404287,11.9875697
396,Fall 2017,Donaueschingen,-,Germany,B17,47.95215229999999,8.4979461
397,Fall 2017,Apeldoorn,-,Netherlands,B17,52.21115700000001,5.9699231
398,Fall 2017,Zutphen,-,Netherlands,B17,52.142736,6.196058400000001
399,Fall 2017,Rome,-,Italy,B17,41.9027835,12.4963655
400,Spring 2018,Denver,Colorado,USA,A18,39.7392358,-104.990251
401,Spring 2018,Broomfield,Colorado,USA,A18,39.9205411,-105.0866504
402,Spring 2018,Venice,Florida,USA,A18,27.0997775,-82.4542632
403,Spring 2018,Brevard County,Florida,USA,A18,28.263933,-80.7214417
404,Spring 2018,Vero Beach,Florida,USA,A18,27.6386434,-80.39727359999999
405,Spring 2018,Glynn County,Georgia,USA,A18,31.2624169,-81.6035062
406,Spring 2018,Playa Del Carmen,-,Mexico,A18,20.6295586,-87.0738851
407,Spring 2018,Campeche Capital,-,Mexico,A18,19.8301251,-90.5349087
408,Spring 2018,Merida,-,Mexico,A18,20.9673702,-89.5925857
409,Spring 2018,Cancun,-,Mexico,A18,21.161908,-86.8515279
410,Spring 2018,Hamburg,-,Germany,A18,53.5510846,9.9936819
411,Spring 2018,Naestved,-,Denmark,A18,55.224613,11.759207
412,Spring 2018,Bruges,-,Belgium,A18,51.209348,3.2246995
413,Spring 2018,Gjakova,-,Kosovo,A18,42.3844104,20.4285021
414,Fall 2018,Denver,Colorado,USA,B18,39.7392358,-104.990251
415,Fall 2018,Grand Island,Nebraska,USA,B18,40.9263957,-98.3420118
416,Fall 2018,North Platte,Nebraska,USA,B18,41.1402759,-100.7601454
417,Fall 2018,Sioux Falls,South Dakota,USA,B18,43.5460223,-96.731265
418,Fall 2018,Salina,Kansas,USA,B18,38.8402805,-97.61142369999999
419,Fall 2018,Stillwater,Oklahoma,USA,B18,36.1156071,-97.0583681
420,Fall 2018,Houston,Texas,USA,B18,29.7604267,-95.3698028
421,Fall 2018,Torreón,-,Mexico,B18,25.5428443,-103.4067861
422,Fall 2018,Durango City,-,Mexico,B18,24.0277202,-104.6531759
423,Fall 2018,Zacatecas City,-,Mexico,B18,22.7641984,-102.5865558
424,Fall 2018,San Luis Potosí,-,Mexico,B18,22.1564699,-100.9855409
425,Fall 2018,Jonkoping,-,Sweden,B18,57.78261370000001,14.1617876
426,Fall 2018,Stockholm,-,Sweden,B18,59.32932349999999,18.0685808
427,Fall 2018,Helsingborg,-,Sweden,B18,56.0464674,12.6945121
428,Fall 2018,Struer,-,Denmark,B18,56.48493,8.589933
429,Fall 2018,Helsingør,-,Denmark,B18,56.030787,12.592127
430,Spring 2019,Greeley,CO,USA,A19,40.4233142,-104.7091322
431,Spring 2019,Eerie,CO,USA,A19,40.0502623,-105.0499817
432,Spring 2019,Grand Junction,CO,USA,A19,39.0638705,-108.5506486
433,Spring 2019,Las Vegas,NV,USA,A19,36.1699412,-115.1398296
434,Spring 2019,Sacramento/Modesto,CA,USA,A19,37.5870361,-120.9533309
435,Spring 2019,Olympia,WA,USA,A19,47.0378741,-122.9006951
436,Spring 2019,Celaya,-,Mexico,A19,20.5279612,-100.8112885
437,Spring 2019,Naucalpan,-,Mexico,A19,19.4630841,-99.245302
438,Spring 2019,Metapec,-,Mexico,A19,19.2528864,-99.598551
439,Spring 2019,Mexico City,-,Mexico,A19,19.4326077,-99.133208
440,Spring 2019,Edegem,-,Belgium,A19,51.1559541,4.4318937
441,Spring 2019,Gistel,-,Belgium,A19,51.1562658,2.9676422
442,Spring 2019,Kinrooi,-,Belgium,A19,51.14552,5.74113
443,Spring 2019,Bocholt,-,Germany,A19,51.8384277,6.6150917
444,Spring 2019,Skive,-,Denmark,A19,56.5651232,9.0309083
445,Fall 2019,Grand Island,Nebraska,USA,B19,40.9263957,-98.3420118
446,Fall 2019,Tulsa,Oklahoma,USA,B19,36.1539816,-95.99277500000001
447,Fall 2019,Lafayette,Louisiana,USA,B19,30.2240897,-92.0198427
448,Fall 2019,Ruston,Louisiana,USA,B19,32.5232053,-92.63792699999999
449,Fall 2019,Shreveport,Louisiana,USA,B19,32.5251516,-93.7501789
450,Fall 2019,Ottawa,Ontario,Canada,B19,45.4215296,-75.69719309999999
451,Fall 2019,Potenza,-,Italy,B19,40.6404067,15.8056041
452,Fall 2019,Sarnano,-,Italy,B19,43.0253761,13.2778918
453,Fall 2019,Agrigento,-,Italy,B19,37.3088512,13.5857528
454,Fall 2019,Palermo,-,Italy,B19,38.11569,13.3614868
455,Fall 2019,Brindisi,-,Italy,B19,40.6327278,17.9417616
456,Fall 2019,Donaueschingen,-,Germany,B19,47.95215229999999,8.4979461
457,Fall 2019,Nyon,-,Switzerland,B19,46.3832683,6.2347852
458,Fall 2019,Wartenberg,-,Germany,B19,48.404287,11.9875697
459,Spring 2020,Denver,Colorado,USA,A20,39.7392358,-104.990251
460,Spring 2020,Lafayette,Colorado,USA,A20,39.9935959,-105.0897058
461,Spring 2020,Flagstaff,Arizona,USA,A20,35.1982836,-111.651302
462,Spring 2020,Henderson,Nevada,USA,A20,36.0395247,-114.9817213
